name,code,division_type,codename,province_code,wards
Quận Ba Đình,1,huyện,quan_ba_dinh,1,[]
Quận Hoàn Kiếm,2,huyện,quan_hoan_kiem,1,[]
Quận Tây Hồ,3,huyện,quan_tay_ho,1,[]
Quận Long Biên,4,huyện,quan_long_bien,1,[]
Quận Cầu Giấy,5,huyện,quan_cau_giay,1,[]
Quận Đống Đa,6,huyện,quan_dong_da,1,[]
Quận Hai Bà Trưng,7,huyện,quan_hai_ba_trung,1,[]
Quận Hoàng Mai,8,huyện,quan_hoang_mai,1,[]
Quận Thanh Xuân,9,huyện,quan_thanh_xuan,1,[]
Huyện Sóc Sơn,16,huyện,huyen_soc_son,1,[]
Huyện Đông Anh,17,huyện,huyen_dong_anh,1,[]
Huyện Gia Lâm,18,huyện,huyen_gia_lam,1,[]
Quận Nam Từ Liêm,19,huyện,quan_nam_tu_liem,1,[]
Huyện Thanh Trì,20,huyện,huyen_thanh_tri,1,[]
Quận Bắc Từ Liêm,21,huyện,quan_bac_tu_liem,1,[]
Huyện Mê Linh,250,huyện,huyen_me_linh,1,[]
Quận Hà Đông,268,huyện,quan_ha_dong,1,[]
Thị xã Sơn Tây,269,huyện,thi_xa_son_tay,1,[]
Huyện Ba Vì,271,huyện,huyen_ba_vi,1,[]
Huyện Phúc Thọ,272,huyện,huyen_phuc_tho,1,[]
Huyện Đan Phượng,273,huyện,huyen_dan_phuong,1,[]
Huyện Hoài Đức,274,huyện,huyen_hoai_duc,1,[]
Huyện Quốc Oai,275,huyện,huyen_quoc_oai,1,[]
Huyện Thạch Thất,276,huyện,huyen_thach_that,1,[]
Huyện Chương Mỹ,277,huyện,huyen_chuong_my,1,[]
Huyện Thanh Oai,278,huyện,huyen_thanh_oai,1,[]
Huyện Thường Tín,279,huyện,huyen_thuong_tin,1,[]
Huyện Phú Xuyên,280,huyện,huyen_phu_xuyen,1,[]
Huyện Ứng Hòa,281,huyện,huyen_ung_hoa,1,[]
Huyện Mỹ Đức,282,huyện,huyen_my_duc,1,[]
Thành phố Hà Giang,24,huyện,thanh_pho_ha_giang,2,[]
Huyện Đồng Văn,26,huyện,huyen_dong_van,2,[]
Huyện Mèo Vạc,27,huyện,huyen_meo_vac,2,[]
Huyện Yên Minh,28,huyện,huyen_yen_minh,2,[]
Huyện Quản Bạ,29,huyện,huyen_quan_ba,2,[]
Huyện Vị Xuyên,30,huyện,huyen_vi_xuyen,2,[]
Huyện Bắc Mê,31,huyện,huyen_bac_me,2,[]
Huyện Hoàng Su Phì,32,huyện,huyen_hoang_su_phi,2,[]
Huyện Xín Mần,33,huyện,huyen_xin_man,2,[]
Huyện Bắc Quang,34,huyện,huyen_bac_quang,2,[]
Huyện Quang Bình,35,huyện,huyen_quang_binh,2,[]
Thành phố Cao Bằng,40,huyện,thanh_pho_cao_bang,4,[]
Huyện Bảo Lâm,42,huyện,huyen_bao_lam,4,[]
Huyện Bảo Lạc,43,huyện,huyen_bao_lac,4,[]
Huyện Hà Quảng,45,huyện,huyen_ha_quang,4,[]
Huyện Trùng Khánh,47,huyện,huyen_trung_khanh,4,[]
Huyện Hạ Lang,48,huyện,huyen_ha_lang,4,[]
Huyện Quảng Hòa,49,huyện,huyen_quang_hoa,4,[]
Huyện Hoà An,51,huyện,huyen_hoa_an,4,[]
Huyện Nguyên Bình,52,huyện,huyen_nguyen_binh,4,[]
Huyện Thạch An,53,huyện,huyen_thach_an,4,[]
Thành Phố Bắc Kạn,58,huyện,thanh_pho_bac_kan,6,[]
Huyện Pác Nặm,60,huyện,huyen_pac_nam,6,[]
Huyện Ba Bể,61,huyện,huyen_ba_be,6,[]
Huyện Ngân Sơn,62,huyện,huyen_ngan_son,6,[]
Huyện Bạch Thông,63,huyện,huyen_bach_thong,6,[]
Huyện Chợ Đồn,64,huyện,huyen_cho_don,6,[]
Huyện Chợ Mới,65,huyện,huyen_cho_moi,6,[]
Huyện Na Rì,66,huyện,huyen_na_ri,6,[]
Thành phố Tuyên Quang,70,huyện,thanh_pho_tuyen_quang,8,[]
Huyện Lâm Bình,71,huyện,huyen_lam_binh,8,[]
Huyện Na Hang,72,huyện,huyen_na_hang,8,[]
Huyện Chiêm Hóa,73,huyện,huyen_chiem_hoa,8,[]
Huyện Hàm Yên,74,huyện,huyen_ham_yen,8,[]
Huyện Yên Sơn,75,huyện,huyen_yen_son,8,[]
Huyện Sơn Dương,76,huyện,huyen_son_duong,8,[]
Thành phố Lào Cai,80,huyện,thanh_pho_lao_cai,10,[]
Huyện Bát Xát,82,huyện,huyen_bat_xat,10,[]
Huyện Mường Khương,83,huyện,huyen_muong_khuong,10,[]
Huyện Si Ma Cai,84,huyện,huyen_si_ma_cai,10,[]
Huyện Bắc Hà,85,huyện,huyen_bac_ha,10,[]
Huyện Bảo Thắng,86,huyện,huyen_bao_thang,10,[]
Huyện Bảo Yên,87,huyện,huyen_bao_yen,10,[]
Thị xã Sa Pa,88,huyện,thi_xa_sa_pa,10,[]
Huyện Văn Bàn,89,huyện,huyen_van_ban,10,[]
Thành phố Điện Biên Phủ,94,huyện,thanh_pho_dien_bien_phu,11,[]
Thị xã Mường Lay,95,huyện,thi_xa_muong_lay,11,[]
Huyện Mường Nhé,96,huyện,huyen_muong_nhe,11,[]
Huyện Mường Chà,97,huyện,huyen_muong_cha,11,[]
Huyện Tủa Chùa,98,huyện,huyen_tua_chua,11,[]
Huyện Tuần Giáo,99,huyện,huyen_tuan_giao,11,[]
Huyện Điện Biên,100,huyện,huyen_dien_bien,11,[]
Huyện Điện Biên Đông,101,huyện,huyen_dien_bien_dong,11,[]
Huyện Mường Ảng,102,huyện,huyen_muong_ang,11,[]
Huyện Nậm Pồ,103,huyện,huyen_nam_po,11,[]
Thành phố Lai Châu,105,huyện,thanh_pho_lai_chau,12,[]
Huyện Tam Đường,106,huyện,huyen_tam_duong,12,[]
Huyện Mường Tè,107,huyện,huyen_muong_te,12,[]
Huyện Sìn Hồ,108,huyện,huyen_sin_ho,12,[]
Huyện Phong Thổ,109,huyện,huyen_phong_tho,12,[]
Huyện Than Uyên,110,huyện,huyen_than_uyen,12,[]
Huyện Tân Uyên,111,huyện,huyen_tan_uyen,12,[]
Huyện Nậm Nhùn,112,huyện,huyen_nam_nhun,12,[]
Thành phố Sơn La,116,huyện,thanh_pho_son_la,14,[]
Huyện Quỳnh Nhai,118,huyện,huyen_quynh_nhai,14,[]
Huyện Thuận Châu,119,huyện,huyen_thuan_chau,14,[]
Huyện Mường La,120,huyện,huyen_muong_la,14,[]
Huyện Bắc Yên,121,huyện,huyen_bac_yen,14,[]
Huyện Phù Yên,122,huyện,huyen_phu_yen,14,[]
Huyện Mộc Châu,123,huyện,huyen_moc_chau,14,[]
Huyện Yên Châu,124,huyện,huyen_yen_chau,14,[]
Huyện Mai Sơn,125,huyện,huyen_mai_son,14,[]
Huyện Sông Mã,126,huyện,huyen_song_ma,14,[]
Huyện Sốp Cộp,127,huyện,huyen_sop_cop,14,[]
Huyện Vân Hồ,128,huyện,huyen_van_ho,14,[]
Thành phố Yên Bái,132,huyện,thanh_pho_yen_bai,15,[]
Thị xã Nghĩa Lộ,133,huyện,thi_xa_nghia_lo,15,[]
Huyện Lục Yên,135,huyện,huyen_luc_yen,15,[]
Huyện Văn Yên,136,huyện,huyen_van_yen,15,[]
Huyện Mù Căng Chải,137,huyện,huyen_mu_cang_chai,15,[]
Huyện Trấn Yên,138,huyện,huyen_tran_yen,15,[]
Huyện Trạm Tấu,139,huyện,huyen_tram_tau,15,[]
Huyện Văn Chấn,140,huyện,huyen_van_chan,15,[]
Huyện Yên Bình,141,huyện,huyen_yen_binh,15,[]
Thành phố Hòa Bình,148,huyện,thanh_pho_hoa_binh,17,[]
Huyện Đà Bắc,150,huyện,huyen_da_bac,17,[]
Huyện Lương Sơn,152,huyện,huyen_luong_son,17,[]
Huyện Kim Bôi,153,huyện,huyen_kim_boi,17,[]
Huyện Cao Phong,154,huyện,huyen_cao_phong,17,[]
Huyện Tân Lạc,155,huyện,huyen_tan_lac,17,[]
Huyện Mai Châu,156,huyện,huyen_mai_chau,17,[]
Huyện Lạc Sơn,157,huyện,huyen_lac_son,17,[]
Huyện Yên Thủy,158,huyện,huyen_yen_thuy,17,[]
Huyện Lạc Thủy,159,huyện,huyen_lac_thuy,17,[]
Thành phố Thái Nguyên,164,huyện,thanh_pho_thai_nguyen,19,[]
Thành phố Sông Công,165,huyện,thanh_pho_song_cong,19,[]
Huyện Định Hóa,167,huyện,huyen_dinh_hoa,19,[]
Huyện Phú Lương,168,huyện,huyen_phu_luong,19,[]
Huyện Đồng Hỷ,169,huyện,huyen_dong_hy,19,[]
Huyện Võ Nhai,170,huyện,huyen_vo_nhai,19,[]
Huyện Đại Từ,171,huyện,huyen_dai_tu,19,[]
Thành phố Phổ Yên,172,huyện,thanh_pho_pho_yen,19,[]
Huyện Phú Bình,173,huyện,huyen_phu_binh,19,[]
Thành phố Lạng Sơn,178,huyện,thanh_pho_lang_son,20,[]
Huyện Tràng Định,180,huyện,huyen_trang_dinh,20,[]
Huyện Bình Gia,181,huyện,huyen_binh_gia,20,[]
Huyện Văn Lãng,182,huyện,huyen_van_lang,20,[]
Huyện Cao Lộc,183,huyện,huyen_cao_loc,20,[]
Huyện Văn Quan,184,huyện,huyen_van_quan,20,[]
Huyện Bắc Sơn,185,huyện,huyen_bac_son,20,[]
Huyện Hữu Lũng,186,huyện,huyen_huu_lung,20,[]
Huyện Chi Lăng,187,huyện,huyen_chi_lang,20,[]
Huyện Lộc Bình,188,huyện,huyen_loc_binh,20,[]
Huyện Đình Lập,189,huyện,huyen_dinh_lap,20,[]
Thành phố Hạ Long,193,huyện,thanh_pho_ha_long,22,[]
Thành phố Móng Cái,194,huyện,thanh_pho_mong_cai,22,[]
Thành phố Cẩm Phả,195,huyện,thanh_pho_cam_pha,22,[]
Thành phố Uông Bí,196,huyện,thanh_pho_uong_bi,22,[]
Huyện Bình Liêu,198,huyện,huyen_binh_lieu,22,[]
Huyện Tiên Yên,199,huyện,huyen_tien_yen,22,[]
Huyện Đầm Hà,200,huyện,huyen_dam_ha,22,[]
Huyện Hải Hà,201,huyện,huyen_hai_ha,22,[]
Huyện Ba Chẽ,202,huyện,huyen_ba_che,22,[]
Huyện Vân Đồn,203,huyện,huyen_van_don,22,[]
Thành phố Đông Triều,205,huyện,thanh_pho_dong_trieu,22,[]
Thị xã Quảng Yên,206,huyện,thi_xa_quang_yen,22,[]
Huyện Cô Tô,207,huyện,huyen_co_to,22,[]
Thành phố Bắc Giang,213,huyện,thanh_pho_bac_giang,24,[]
Huyện Yên Thế,215,huyện,huyen_yen_the,24,[]
Huyện Tân Yên,216,huyện,huyen_tan_yen,24,[]
Huyện Lạng Giang,217,huyện,huyen_lang_giang,24,[]
Huyện Lục Nam,218,huyện,huyen_luc_nam,24,[]
Huyện Lục Ngạn,219,huyện,huyen_luc_ngan,24,[]
Huyện Sơn Động,220,huyện,huyen_son_dong,24,[]
Thị xã Việt Yên,222,huyện,thi_xa_viet_yen,24,[]
Huyện Hiệp Hòa,223,huyện,huyen_hiep_hoa,24,[]
Thị xã Chũ,224,huyện,thi_xa_chu,24,[]
Thành phố Việt Trì,227,huyện,thanh_pho_viet_tri,25,[]
Thị xã Phú Thọ,228,huyện,thi_xa_phu_tho,25,[]
Huyện Đoan Hùng,230,huyện,huyen_doan_hung,25,[]
Huyện Hạ Hoà,231,huyện,huyen_ha_hoa,25,[]
Huyện Thanh Ba,232,huyện,huyen_thanh_ba,25,[]
Huyện Phù Ninh,233,huyện,huyen_phu_ninh,25,[]
Huyện Yên Lập,234,huyện,huyen_yen_lap,25,[]
Huyện Cẩm Khê,235,huyện,huyen_cam_khe,25,[]
Huyện Tam Nông,236,huyện,huyen_tam_nong,25,[]
Huyện Lâm Thao,237,huyện,huyen_lam_thao,25,[]
Huyện Thanh Sơn,238,huyện,huyen_thanh_son,25,[]
Huyện Thanh Thuỷ,239,huyện,huyen_thanh_thuy,25,[]
Huyện Tân Sơn,240,huyện,huyen_tan_son,25,[]
Thành phố Vĩnh Yên,243,huyện,thanh_pho_vinh_yen,26,[]
Thành phố Phúc Yên,244,huyện,thanh_pho_phuc_yen,26,[]
Huyện Lập Thạch,246,huyện,huyen_lap_thach,26,[]
Huyện Tam Dương,247,huyện,huyen_tam_duong,26,[]
Huyện Tam Đảo,248,huyện,huyen_tam_dao,26,[]
Huyện Bình Xuyên,249,huyện,huyen_binh_xuyen,26,[]
Huyện Yên Lạc,251,huyện,huyen_yen_lac,26,[]
Huyện Vĩnh Tường,252,huyện,huyen_vinh_tuong,26,[]
Huyện Sông Lô,253,huyện,huyen_song_lo,26,[]
Thành phố Bắc Ninh,256,huyện,thanh_pho_bac_ninh,27,[]
Huyện Yên Phong,258,huyện,huyen_yen_phong,27,[]
Thị xã Quế Võ,259,huyện,thi_xa_que_vo,27,[]
Huyện Tiên Du,260,huyện,huyen_tien_du,27,[]
Thành phố Từ Sơn,261,huyện,thanh_pho_tu_son,27,[]
Thị xã Thuận Thành,262,huyện,thi_xa_thuan_thanh,27,[]
Huyện Gia Bình,263,huyện,huyen_gia_binh,27,[]
Huyện Lương Tài,264,huyện,huyen_luong_tai,27,[]
Thành phố Hải Dương,288,huyện,thanh_pho_hai_duong,30,[]
Thành phố Chí Linh,290,huyện,thanh_pho_chi_linh,30,[]
Huyện Nam Sách,291,huyện,huyen_nam_sach,30,[]
Thị xã Kinh Môn,292,huyện,thi_xa_kinh_mon,30,[]
Huyện Kim Thành,293,huyện,huyen_kim_thanh,30,[]
Huyện Thanh Hà,294,huyện,huyen_thanh_ha,30,[]
Huyện Cẩm Giàng,295,huyện,huyen_cam_giang,30,[]
Huyện Bình Giang,296,huyện,huyen_binh_giang,30,[]
Huyện Gia Lộc,297,huyện,huyen_gia_loc,30,[]
Huyện Tứ Kỳ,298,huyện,huyen_tu_ky,30,[]
Huyện Ninh Giang,299,huyện,huyen_ninh_giang,30,[]
Huyện Thanh Miện,300,huyện,huyen_thanh_mien,30,[]
Quận Hồng Bàng,303,huyện,quan_hong_bang,31,[]
Quận Ngô Quyền,304,huyện,quan_ngo_quyen,31,[]
Quận Lê Chân,305,huyện,quan_le_chan,31,[]
Quận Hải An,306,huyện,quan_hai_an,31,[]
Quận Kiến An,307,huyện,quan_kien_an,31,[]
Quận Đồ Sơn,308,huyện,quan_do_son,31,[]
Quận Dương Kinh,309,huyện,quan_duong_kinh,31,[]
Thành phố Thuỷ Nguyên,311,huyện,thanh_pho_thuy_nguyen,31,[]
Quận An Dương,312,huyện,quan_an_duong,31,[]
Huyện An Lão,313,huyện,huyen_an_lao,31,[]
Huyện Kiến Thuỵ,314,huyện,huyen_kien_thuy,31,[]
Huyện Tiên Lãng,315,huyện,huyen_tien_lang,31,[]
Huyện Vĩnh Bảo,316,huyện,huyen_vinh_bao,31,[]
Huyện Cát Hải,317,huyện,huyen_cat_hai,31,[]
Thành phố Hưng Yên,323,huyện,thanh_pho_hung_yen,33,[]
Huyện Văn Lâm,325,huyện,huyen_van_lam,33,[]
Huyện Văn Giang,326,huyện,huyen_van_giang,33,[]
Huyện Yên Mỹ,327,huyện,huyen_yen_my,33,[]
Thị xã Mỹ Hào,328,huyện,thi_xa_my_hao,33,[]
Huyện Ân Thi,329,huyện,huyen_an_thi,33,[]
Huyện Khoái Châu,330,huyện,huyen_khoai_chau,33,[]
Huyện Kim Động,331,huyện,huyen_kim_dong,33,[]
Huyện Tiên Lữ,332,huyện,huyen_tien_lu,33,[]
Huyện Phù Cừ,333,huyện,huyen_phu_cu,33,[]
Thành phố Thái Bình,336,huyện,thanh_pho_thai_binh,34,[]
Huyện Quỳnh Phụ,338,huyện,huyen_quynh_phu,34,[]
Huyện Hưng Hà,339,huyện,huyen_hung_ha,34,[]
Huyện Đông Hưng,340,huyện,huyen_dong_hung,34,[]
Huyện Thái Thụy,341,huyện,huyen_thai_thuy,34,[]
Huyện Tiền Hải,342,huyện,huyen_tien_hai,34,[]
Huyện Kiến Xương,343,huyện,huyen_kien_xuong,34,[]
Huyện Vũ Thư,344,huyện,huyen_vu_thu,34,[]
Thành phố Phủ Lý,347,huyện,thanh_pho_phu_ly,35,[]
Thị xã Duy Tiên,349,huyện,thi_xa_duy_tien,35,[]
Thị xã Kim Bảng,350,huyện,thi_xa_kim_bang,35,[]
Huyện Thanh Liêm,351,huyện,huyen_thanh_liem,35,[]
Huyện Bình Lục,352,huyện,huyen_binh_luc,35,[]
Huyện Lý Nhân,353,huyện,huyen_ly_nhan,35,[]
Thành phố Nam Định,356,huyện,thanh_pho_nam_dinh,36,[]
Huyện Vụ Bản,359,huyện,huyen_vu_ban,36,[]
Huyện Ý Yên,360,huyện,huyen_y_yen,36,[]
Huyện Nghĩa Hưng,361,huyện,huyen_nghia_hung,36,[]
Huyện Nam Trực,362,huyện,huyen_nam_truc,36,[]
Huyện Trực Ninh,363,huyện,huyen_truc_ninh,36,[]
Huyện Xuân Trường,364,huyện,huyen_xuan_truong,36,[]
Huyện Giao Thủy,365,huyện,huyen_giao_thuy,36,[]
Huyện Hải Hậu,366,huyện,huyen_hai_hau,36,[]
Thành phố Tam Điệp,370,huyện,thanh_pho_tam_diep,37,[]
Huyện Nho Quan,372,huyện,huyen_nho_quan,37,[]
Huyện Gia Viễn,373,huyện,huyen_gia_vien,37,[]
Thành phố Hoa Lư,374,huyện,thanh_pho_hoa_lu,37,[]
Huyện Yên Khánh,375,huyện,huyen_yen_khanh,37,[]
Huyện Kim Sơn,376,huyện,huyen_kim_son,37,[]
Huyện Yên Mô,377,huyện,huyen_yen_mo,37,[]
Thành phố Thanh Hóa,380,huyện,thanh_pho_thanh_hoa,38,[]
Thị xã Bỉm Sơn,381,huyện,thi_xa_bim_son,38,[]
Thành phố Sầm Sơn,382,huyện,thanh_pho_sam_son,38,[]
Huyện Mường Lát,384,huyện,huyen_muong_lat,38,[]
Huyện Quan Hóa,385,huyện,huyen_quan_hoa,38,[]
Huyện Bá Thước,386,huyện,huyen_ba_thuoc,38,[]
Huyện Quan Sơn,387,huyện,huyen_quan_son,38,[]
Huyện Lang Chánh,388,huyện,huyen_lang_chanh,38,[]
Huyện Ngọc Lặc,389,huyện,huyen_ngoc_lac,38,[]
Huyện Cẩm Thủy,390,huyện,huyen_cam_thuy,38,[]
Huyện Thạch Thành,391,huyện,huyen_thach_thanh,38,[]
Huyện Hà Trung,392,huyện,huyen_ha_trung,38,[]
Huyện Vĩnh Lộc,393,huyện,huyen_vinh_loc,38,[]
Huyện Yên Định,394,huyện,huyen_yen_dinh,38,[]
Huyện Thọ Xuân,395,huyện,huyen_tho_xuan,38,[]
Huyện Thường Xuân,396,huyện,huyen_thuong_xuan,38,[]
Huyện Triệu Sơn,397,huyện,huyen_trieu_son,38,[]
Huyện Thiệu Hóa,398,huyện,huyen_thieu_hoa,38,[]
Huyện Hoằng Hóa,399,huyện,huyen_hoang_hoa,38,[]
Huyện Hậu Lộc,400,huyện,huyen_hau_loc,38,[]
Huyện Nga Sơn,401,huyện,huyen_nga_son,38,[]
Huyện Như Xuân,402,huyện,huyen_nhu_xuan,38,[]
Huyện Như Thanh,403,huyện,huyen_nhu_thanh,38,[]
Huyện Nông Cống,404,huyện,huyen_nong_cong,38,[]
Huyện Quảng Xương,406,huyện,huyen_quang_xuong,38,[]
Thị xã Nghi Sơn,407,huyện,thi_xa_nghi_son,38,[]
Thành phố Vinh,412,huyện,thanh_pho_vinh,40,[]
Thị xã Thái Hoà,414,huyện,thi_xa_thai_hoa,40,[]
Huyện Quế Phong,415,huyện,huyen_que_phong,40,[]
Huyện Quỳ Châu,416,huyện,huyen_quy_chau,40,[]
Huyện Kỳ Sơn,417,huyện,huyen_ky_son,40,[]
Huyện Tương Dương,418,huyện,huyen_tuong_duong,40,[]
Huyện Nghĩa Đàn,419,huyện,huyen_nghia_dan,40,[]
Huyện Quỳ Hợp,420,huyện,huyen_quy_hop,40,[]
Huyện Quỳnh Lưu,421,huyện,huyen_quynh_luu,40,[]
Huyện Con Cuông,422,huyện,huyen_con_cuong,40,[]
Huyện Tân Kỳ,423,huyện,huyen_tan_ky,40,[]
Huyện Anh Sơn,424,huyện,huyen_anh_son,40,[]
Huyện Diễn Châu,425,huyện,huyen_dien_chau,40,[]
Huyện Yên Thành,426,huyện,huyen_yen_thanh,40,[]
Huyện Đô Lương,427,huyện,huyen_do_luong,40,[]
Huyện Thanh Chương,428,huyện,huyen_thanh_chuong,40,[]
Huyện Nghi Lộc,429,huyện,huyen_nghi_loc,40,[]
Huyện Nam Đàn,430,huyện,huyen_nam_dan,40,[]
Huyện Hưng Nguyên,431,huyện,huyen_hung_nguyen,40,[]
Thị xã Hoàng Mai,432,huyện,thi_xa_hoang_mai,40,[]
Thành phố Hà Tĩnh,436,huyện,thanh_pho_ha_tinh,42,[]
Thị xã Hồng Lĩnh,437,huyện,thi_xa_hong_linh,42,[]
Huyện Hương Sơn,439,huyện,huyen_huong_son,42,[]
Huyện Đức Thọ,440,huyện,huyen_duc_tho,42,[]
Huyện Vũ Quang,441,huyện,huyen_vu_quang,42,[]
Huyện Nghi Xuân,442,huyện,huyen_nghi_xuan,42,[]
Huyện Can Lộc,443,huyện,huyen_can_loc,42,[]
Huyện Hương Khê,444,huyện,huyen_huong_khe,42,[]
Huyện Thạch Hà,445,huyện,huyen_thach_ha,42,[]
Huyện Cẩm Xuyên,446,huyện,huyen_cam_xuyen,42,[]
Huyện Kỳ Anh,447,huyện,huyen_ky_anh,42,[]
Thị xã Kỳ Anh,449,huyện,thi_xa_ky_anh,42,[]
Thành Phố Đồng Hới,450,huyện,thanh_pho_dong_hoi,44,[]
Huyện Minh Hóa,452,huyện,huyen_minh_hoa,44,[]
Huyện Tuyên Hóa,453,huyện,huyen_tuyen_hoa,44,[]
Huyện Quảng Trạch,454,huyện,huyen_quang_trach,44,[]
Huyện Bố Trạch,455,huyện,huyen_bo_trach,44,[]
Huyện Quảng Ninh,456,huyện,huyen_quang_ninh,44,[]
Huyện Lệ Thủy,457,huyện,huyen_le_thuy,44,[]
Thị xã Ba Đồn,458,huyện,thi_xa_ba_don,44,[]
Thành phố Đông Hà,461,huyện,thanh_pho_dong_ha,45,[]
Thị xã Quảng Trị,462,huyện,thi_xa_quang_tri,45,[]
Huyện Vĩnh Linh,464,huyện,huyen_vinh_linh,45,[]
Huyện Hướng Hóa,465,huyện,huyen_huong_hoa,45,[]
Huyện Gio Linh,466,huyện,huyen_gio_linh,45,[]
Huyện Đa Krông,467,huyện,huyen_da_krong,45,[]
Huyện Cam Lộ,468,huyện,huyen_cam_lo,45,[]
Huyện Triệu Phong,469,huyện,huyen_trieu_phong,45,[]
Huyện Hải Lăng,470,huyện,huyen_hai_lang,45,[]
Quận Thuận Hóa,474,huyện,quan_thuan_hoa,46,[]
Quận Phú Xuân,475,huyện,quan_phu_xuan,46,[]
Thị xã Phong Điền,476,huyện,thi_xa_phong_dien,46,[]
Huyện Quảng Điền,477,huyện,huyen_quang_dien,46,[]
Huyện Phú Vang,478,huyện,huyen_phu_vang,46,[]
Thị xã Hương Thủy,479,huyện,thi_xa_huong_thuy,46,[]
Thị xã Hương Trà,480,huyện,thi_xa_huong_tra,46,[]
Huyện A Lưới,481,huyện,huyen_a_luoi,46,[]
Huyện Phú Lộc,482,huyện,huyen_phu_loc,46,[]
Quận Liên Chiểu,490,huyện,quan_lien_chieu,48,[]
Quận Thanh Khê,491,huyện,quan_thanh_khe,48,[]
Quận Hải Châu,492,huyện,quan_hai_chau,48,[]
Quận Sơn Trà,493,huyện,quan_son_tra,48,[]
Quận Ngũ Hành Sơn,494,huyện,quan_ngu_hanh_son,48,[]
Quận Cẩm Lệ,495,huyện,quan_cam_le,48,[]
Huyện Hòa Vang,497,huyện,huyen_hoa_vang,48,[]
Thành phố Tam Kỳ,502,huyện,thanh_pho_tam_ky,49,[]
Thành phố Hội An,503,huyện,thanh_pho_hoi_an,49,[]
Huyện Tây Giang,504,huyện,huyen_tay_giang,49,[]
Huyện Đông Giang,505,huyện,huyen_dong_giang,49,[]
Huyện Đại Lộc,506,huyện,huyen_dai_loc,49,[]
Thị xã Điện Bàn,507,huyện,thi_xa_dien_ban,49,[]
Huyện Duy Xuyên,508,huyện,huyen_duy_xuyen,49,[]
Huyện Quế Sơn,509,huyện,huyen_que_son,49,[]
Huyện Nam Giang,510,huyện,huyen_nam_giang,49,[]
Huyện Phước Sơn,511,huyện,huyen_phuoc_son,49,[]
Huyện Hiệp Đức,512,huyện,huyen_hiep_duc,49,[]
Huyện Thăng Bình,513,huyện,huyen_thang_binh,49,[]
Huyện Tiên Phước,514,huyện,huyen_tien_phuoc,49,[]
Huyện Bắc Trà My,515,huyện,huyen_bac_tra_my,49,[]
Huyện Nam Trà My,516,huyện,huyen_nam_tra_my,49,[]
Huyện Núi Thành,517,huyện,huyen_nui_thanh,49,[]
Huyện Phú Ninh,518,huyện,huyen_phu_ninh,49,[]
Thành phố Quảng Ngãi,522,huyện,thanh_pho_quang_ngai,51,[]
Huyện Bình Sơn,524,huyện,huyen_binh_son,51,[]
Huyện Trà Bồng,525,huyện,huyen_tra_bong,51,[]
Huyện Sơn Tịnh,527,huyện,huyen_son_tinh,51,[]
Huyện Tư Nghĩa,528,huyện,huyen_tu_nghia,51,[]
Huyện Sơn Hà,529,huyện,huyen_son_ha,51,[]
Huyện Sơn Tây,530,huyện,huyen_son_tay,51,[]
Huyện Minh Long,531,huyện,huyen_minh_long,51,[]
Huyện Nghĩa Hành,532,huyện,huyen_nghia_hanh,51,[]
Huyện Mộ Đức,533,huyện,huyen_mo_duc,51,[]
Thị xã Đức Phổ,534,huyện,thi_xa_duc_pho,51,[]
Huyện Ba Tơ,535,huyện,huyen_ba_to,51,[]
Thành phố Quy Nhơn,540,huyện,thanh_pho_quy_nhon,52,[]
Huyện An Lão,542,huyện,huyen_an_lao,52,[]
Thị xã Hoài Nhơn,543,huyện,thi_xa_hoai_nhon,52,[]
Huyện Hoài Ân,544,huyện,huyen_hoai_an,52,[]
Huyện Phù Mỹ,545,huyện,huyen_phu_my,52,[]
Huyện Vĩnh Thạnh,546,huyện,huyen_vinh_thanh,52,[]
Huyện Tây Sơn,547,huyện,huyen_tay_son,52,[]
Huyện Phù Cát,548,huyện,huyen_phu_cat,52,[]
Thị xã An Nhơn,549,huyện,thi_xa_an_nhon,52,[]
Huyện Tuy Phước,550,huyện,huyen_tuy_phuoc,52,[]
Huyện Vân Canh,551,huyện,huyen_van_canh,52,[]
Thành phố Tuy Hoà,555,huyện,thanh_pho_tuy_hoa,54,[]
Thị xã Sông Cầu,557,huyện,thi_xa_song_cau,54,[]
Huyện Đồng Xuân,558,huyện,huyen_dong_xuan,54,[]
Huyện Tuy An,559,huyện,huyen_tuy_an,54,[]
Huyện Sơn Hòa,560,huyện,huyen_son_hoa,54,[]
Huyện Sông Hinh,561,huyện,huyen_song_hinh,54,[]
Huyện Tây Hoà,562,huyện,huyen_tay_hoa,54,[]
Huyện Phú Hoà,563,huyện,huyen_phu_hoa,54,[]
Thị xã Đông Hòa,564,huyện,thi_xa_dong_hoa,54,[]
Thành phố Nha Trang,568,huyện,thanh_pho_nha_trang,56,[]
Thành phố Cam Ranh,569,huyện,thanh_pho_cam_ranh,56,[]
Huyện Cam Lâm,570,huyện,huyen_cam_lam,56,[]
Huyện Vạn Ninh,571,huyện,huyen_van_ninh,56,[]
Thị xã Ninh Hòa,572,huyện,thi_xa_ninh_hoa,56,[]
Huyện Khánh Vĩnh,573,huyện,huyen_khanh_vinh,56,[]
Huyện Diên Khánh,574,huyện,huyen_dien_khanh,56,[]
Huyện Khánh Sơn,575,huyện,huyen_khanh_son,56,[]
Huyện Trường Sa,576,huyện,huyen_truong_sa,56,[]
Thành phố Phan Rang-Tháp Chàm,582,huyện,thanh_pho_phan_rang_thap_cham,58,[]
Huyện Bác Ái,584,huyện,huyen_bac_ai,58,[]
Huyện Ninh Sơn,585,huyện,huyen_ninh_son,58,[]
Huyện Ninh Hải,586,huyện,huyen_ninh_hai,58,[]
Huyện Ninh Phước,587,huyện,huyen_ninh_phuoc,58,[]
Huyện Thuận Bắc,588,huyện,huyen_thuan_bac,58,[]
Huyện Thuận Nam,589,huyện,huyen_thuan_nam,58,[]
Thành phố Phan Thiết,593,huyện,thanh_pho_phan_thiet,60,[]
Thị xã La Gi,594,huyện,thi_xa_la_gi,60,[]
Huyện Tuy Phong,595,huyện,huyen_tuy_phong,60,[]
Huyện Bắc Bình,596,huyện,huyen_bac_binh,60,[]
Huyện Hàm Thuận Bắc,597,huyện,huyen_ham_thuan_bac,60,[]
Huyện Hàm Thuận Nam,598,huyện,huyen_ham_thuan_nam,60,[]
Huyện Tánh Linh,599,huyện,huyen_tanh_linh,60,[]
Huyện Đức Linh,600,huyện,huyen_duc_linh,60,[]
Huyện Hàm Tân,601,huyện,huyen_ham_tan,60,[]
Huyện Phú Quí,602,huyện,huyen_phu_qui,60,[]
Thành phố Kon Tum,608,huyện,thanh_pho_kon_tum,62,[]
Huyện Đắk Glei,610,huyện,huyen_dak_glei,62,[]
Huyện Ngọc Hồi,611,huyện,huyen_ngoc_hoi,62,[]
Huyện Đắk Tô,612,huyện,huyen_dak_to,62,[]
Huyện Kon Plông,613,huyện,huyen_kon_plong,62,[]
Huyện Kon Rẫy,614,huyện,huyen_kon_ray,62,[]
Huyện Đắk Hà,615,huyện,huyen_dak_ha,62,[]
Huyện Sa Thầy,616,huyện,huyen_sa_thay,62,[]
Huyện Tu Mơ Rông,617,huyện,huyen_tu_mo_rong,62,[]
Huyện Ia H' Drai,618,huyện,huyen_ia_h_drai,62,[]
Thành phố Pleiku,622,huyện,thanh_pho_pleiku,64,[]
Thị xã An Khê,623,huyện,thi_xa_an_khe,64,[]
Thị xã Ayun Pa,624,huyện,thi_xa_ayun_pa,64,[]
Huyện KBang,625,huyện,huyen_kbang,64,[]
Huyện Đăk Đoa,626,huyện,huyen_dak_doa,64,[]
Huyện Chư Păh,627,huyện,huyen_chu_pah,64,[]
Huyện Ia Grai,628,huyện,huyen_ia_grai,64,[]
Huyện Mang Yang,629,huyện,huyen_mang_yang,64,[]
Huyện Kông Chro,630,huyện,huyen_kong_chro,64,[]
Huyện Đức Cơ,631,huyện,huyen_duc_co,64,[]
Huyện Chư Prông,632,huyện,huyen_chu_prong,64,[]
Huyện Chư Sê,633,huyện,huyen_chu_se,64,[]
Huyện Đăk Pơ,634,huyện,huyen_dak_po,64,[]
Huyện Ia Pa,635,huyện,huyen_ia_pa,64,[]
Huyện Krông Pa,637,huyện,huyen_krong_pa,64,[]
Huyện Phú Thiện,638,huyện,huyen_phu_thien,64,[]
Huyện Chư Pưh,639,huyện,huyen_chu_puh,64,[]
Thành phố Buôn Ma Thuột,643,huyện,thanh_pho_buon_ma_thuot,66,[]
Thị xã Buôn Hồ,644,huyện,thi_xa_buon_ho,66,[]
Huyện Ea H'leo,645,huyện,huyen_ea_hleo,66,[]
Huyện Ea Súp,646,huyện,huyen_ea_sup,66,[]
Huyện Buôn Đôn,647,huyện,huyen_buon_don,66,[]
Huyện Cư M'gar,648,huyện,huyen_cu_mgar,66,[]
Huyện Krông Búk,649,huyện,huyen_krong_buk,66,[]
Huyện Krông Năng,650,huyện,huyen_krong_nang,66,[]
Huyện Ea Kar,651,huyện,huyen_ea_kar,66,[]
Huyện M'Đrắk,652,huyện,huyen_mdrak,66,[]
Huyện Krông Bông,653,huyện,huyen_krong_bong,66,[]
Huyện Krông Pắc,654,huyện,huyen_krong_pac,66,[]
Huyện Krông A Na,655,huyện,huyen_krong_a_na,66,[]
Huyện Lắk,656,huyện,huyen_lak,66,[]
Huyện Cư Kuin,657,huyện,huyen_cu_kuin,66,[]
Thành phố Gia Nghĩa,660,huyện,thanh_pho_gia_nghia,67,[]
Huyện Đăk Glong,661,huyện,huyen_dak_glong,67,[]
Huyện Cư Jút,662,huyện,huyen_cu_jut,67,[]
Huyện Đắk Mil,663,huyện,huyen_dak_mil,67,[]
Huyện Krông Nô,664,huyện,huyen_krong_no,67,[]
Huyện Đắk Song,665,huyện,huyen_dak_song,67,[]
Huyện Đắk R'Lấp,666,huyện,huyen_dak_rlap,67,[]
Huyện Tuy Đức,667,huyện,huyen_tuy_duc,67,[]
Thành phố Đà Lạt,672,huyện,thanh_pho_da_lat,68,[]
Thành phố Bảo Lộc,673,huyện,thanh_pho_bao_loc,68,[]
Huyện Đam Rông,674,huyện,huyen_dam_rong,68,[]
Huyện Lạc Dương,675,huyện,huyen_lac_duong,68,[]
Huyện Lâm Hà,676,huyện,huyen_lam_ha,68,[]
Huyện Đơn Dương,677,huyện,huyen_don_duong,68,[]
Huyện Đức Trọng,678,huyện,huyen_duc_trong,68,[]
Huyện Di Linh,679,huyện,huyen_di_linh,68,[]
Huyện Bảo Lâm,680,huyện,huyen_bao_lam,68,[]
Huyện Đạ Huoai,682,huyện,huyen_da_huoai,68,[]
Thị xã Phước Long,688,huyện,thi_xa_phuoc_long,70,[]
Thành phố Đồng Xoài,689,huyện,thanh_pho_dong_xoai,70,[]
Thị xã Bình Long,690,huyện,thi_xa_binh_long,70,[]
Huyện Bù Gia Mập,691,huyện,huyen_bu_gia_map,70,[]
Huyện Lộc Ninh,692,huyện,huyen_loc_ninh,70,[]
Huyện Bù Đốp,693,huyện,huyen_bu_dop,70,[]
Huyện Hớn Quản,694,huyện,huyen_hon_quan,70,[]
Huyện Đồng Phú,695,huyện,huyen_dong_phu,70,[]
Huyện Bù Đăng,696,huyện,huyen_bu_dang,70,[]
Thị xã Chơn Thành,697,huyện,thi_xa_chon_thanh,70,[]
Huyện Phú Riềng,698,huyện,huyen_phu_rieng,70,[]
Thành phố Tây Ninh,703,huyện,thanh_pho_tay_ninh,72,[]
Huyện Tân Biên,705,huyện,huyen_tan_bien,72,[]
Huyện Tân Châu,706,huyện,huyen_tan_chau,72,[]
Huyện Dương Minh Châu,707,huyện,huyen_duong_minh_chau,72,[]
Huyện Châu Thành,708,huyện,huyen_chau_thanh,72,[]
Thị xã Hòa Thành,709,huyện,thi_xa_hoa_thanh,72,[]
Huyện Gò Dầu,710,huyện,huyen_go_dau,72,[]
Huyện Bến Cầu,711,huyện,huyen_ben_cau,72,[]
Thị xã Trảng Bàng,712,huyện,thi_xa_trang_bang,72,[]
Thành phố Thủ Dầu Một,718,huyện,thanh_pho_thu_dau_mot,74,[]
Huyện Bàu Bàng,719,huyện,huyen_bau_bang,74,[]
Huyện Dầu Tiếng,720,huyện,huyen_dau_tieng,74,[]
Thành phố Bến Cát,721,huyện,thanh_pho_ben_cat,74,[]
Huyện Phú Giáo,722,huyện,huyen_phu_giao,74,[]
Thành phố Tân Uyên,723,huyện,thanh_pho_tan_uyen,74,[]
Thành phố Dĩ An,724,huyện,thanh_pho_di_an,74,[]
Thành phố Thuận An,725,huyện,thanh_pho_thuan_an,74,[]
Huyện Bắc Tân Uyên,726,huyện,huyen_bac_tan_uyen,74,[]
Thành phố Biên Hòa,731,huyện,thanh_pho_bien_hoa,75,[]
Thành phố Long Khánh,732,huyện,thanh_pho_long_khanh,75,[]
Huyện Tân Phú,734,huyện,huyen_tan_phu,75,[]
Huyện Vĩnh Cửu,735,huyện,huyen_vinh_cuu,75,[]
Huyện Định Quán,736,huyện,huyen_dinh_quan,75,[]
Huyện Trảng Bom,737,huyện,huyen_trang_bom,75,[]
Huyện Thống Nhất,738,huyện,huyen_thong_nhat,75,[]
Huyện Cẩm Mỹ,739,huyện,huyen_cam_my,75,[]
Huyện Long Thành,740,huyện,huyen_long_thanh,75,[]
Huyện Xuân Lộc,741,huyện,huyen_xuan_loc,75,[]
Huyện Nhơn Trạch,742,huyện,huyen_nhon_trach,75,[]
Thành phố Vũng Tàu,747,huyện,thanh_pho_vung_tau,77,[]
Thành phố Bà Rịa,748,huyện,thanh_pho_ba_ria,77,[]
Huyện Châu Đức,750,huyện,huyen_chau_duc,77,[]
Huyện Xuyên Mộc,751,huyện,huyen_xuyen_moc,77,[]
Huyện Long Đất,753,huyện,huyen_long_dat,77,[]
Thị xã Phú Mỹ,754,huyện,thi_xa_phu_my,77,[]
Quận 1,760,huyện,quan_1,79,[]
Quận 12,761,huyện,quan_12,79,[]
Quận Gò Vấp,764,huyện,quan_go_vap,79,[]
Quận Bình Thạnh,765,huyện,quan_binh_thanh,79,[]
Quận Tân Bình,766,huyện,quan_tan_binh,79,[]
Quận Tân Phú,767,huyện,quan_tan_phu,79,[]
Quận Phú Nhuận,768,huyện,quan_phu_nhuan,79,[]
Thành phố Thủ Đức,769,huyện,thanh_pho_thu_duc,79,[]
Quận 3,770,huyện,quan_3,79,[]
Quận 10,771,huyện,quan_10,79,[]
Quận 11,772,huyện,quan_11,79,[]
Quận 4,773,huyện,quan_4,79,[]
Quận 5,774,huyện,quan_5,79,[]
Quận 6,775,huyện,quan_6,79,[]
Quận 8,776,huyện,quan_8,79,[]
Quận Bình Tân,777,huyện,quan_binh_tan,79,[]
Quận 7,778,huyện,quan_7,79,[]
Huyện Củ Chi,783,huyện,huyen_cu_chi,79,[]
Huyện Hóc Môn,784,huyện,huyen_hoc_mon,79,[]
Huyện Bình Chánh,785,huyện,huyen_binh_chanh,79,[]
Huyện Nhà Bè,786,huyện,huyen_nha_be,79,[]
Huyện Cần Giờ,787,huyện,huyen_can_gio,79,[]
Thành phố Tân An,794,huyện,thanh_pho_tan_an,80,[]
Thị xã Kiến Tường,795,huyện,thi_xa_kien_tuong,80,[]
Huyện Tân Hưng,796,huyện,huyen_tan_hung,80,[]
Huyện Vĩnh Hưng,797,huyện,huyen_vinh_hung,80,[]
Huyện Mộc Hóa,798,huyện,huyen_moc_hoa,80,[]
Huyện Tân Thạnh,799,huyện,huyen_tan_thanh,80,[]
Huyện Thạnh Hóa,800,huyện,huyen_thanh_hoa,80,[]
Huyện Đức Huệ,801,huyện,huyen_duc_hue,80,[]
Huyện Đức Hòa,802,huyện,huyen_duc_hoa,80,[]
Huyện Bến Lức,803,huyện,huyen_ben_luc,80,[]
Huyện Thủ Thừa,804,huyện,huyen_thu_thua,80,[]
Huyện Tân Trụ,805,huyện,huyen_tan_tru,80,[]
Huyện Cần Đước,806,huyện,huyen_can_duoc,80,[]
Huyện Cần Giuộc,807,huyện,huyen_can_giuoc,80,[]
Huyện Châu Thành,808,huyện,huyen_chau_thanh,80,[]
Thành phố Mỹ Tho,815,huyện,thanh_pho_my_tho,82,[]
Thành phố Gò Công,816,huyện,thanh_pho_go_cong,82,[]
Thị xã Cai Lậy,817,huyện,thi_xa_cai_lay,82,[]
Huyện Tân Phước,818,huyện,huyen_tan_phuoc,82,[]
Huyện Cái Bè,819,huyện,huyen_cai_be,82,[]
Huyện Cai Lậy,820,huyện,huyen_cai_lay,82,[]
Huyện Châu Thành,821,huyện,huyen_chau_thanh,82,[]
Huyện Chợ Gạo,822,huyện,huyen_cho_gao,82,[]
Huyện Gò Công Tây,823,huyện,huyen_go_cong_tay,82,[]
Huyện Gò Công Đông,824,huyện,huyen_go_cong_dong,82,[]
Huyện Tân Phú Đông,825,huyện,huyen_tan_phu_dong,82,[]
Thành phố Bến Tre,829,huyện,thanh_pho_ben_tre,83,[]
Huyện Châu Thành,831,huyện,huyen_chau_thanh,83,[]
Huyện Chợ Lách,832,huyện,huyen_cho_lach,83,[]
Huyện Mỏ Cày Nam,833,huyện,huyen_mo_cay_nam,83,[]
Huyện Giồng Trôm,834,huyện,huyen_giong_trom,83,[]
Huyện Bình Đại,835,huyện,huyen_binh_dai,83,[]
Huyện Ba Tri,836,huyện,huyen_ba_tri,83,[]
Huyện Thạnh Phú,837,huyện,huyen_thanh_phu,83,[]
Huyện Mỏ Cày Bắc,838,huyện,huyen_mo_cay_bac,83,[]
Thành phố Trà Vinh,842,huyện,thanh_pho_tra_vinh,84,[]
Huyện Càng Long,844,huyện,huyen_cang_long,84,[]
Huyện Cầu Kè,845,huyện,huyen_cau_ke,84,[]
Huyện Tiểu Cần,846,huyện,huyen_tieu_can,84,[]
Huyện Châu Thành,847,huyện,huyen_chau_thanh,84,[]
Huyện Cầu Ngang,848,huyện,huyen_cau_ngang,84,[]
Huyện Trà Cú,849,huyện,huyen_tra_cu,84,[]
Huyện Duyên Hải,850,huyện,huyen_duyen_hai,84,[]
Thị xã Duyên Hải,851,huyện,thi_xa_duyen_hai,84,[]
Thành phố Vĩnh Long,855,huyện,thanh_pho_vinh_long,86,[]
Huyện Long Hồ,857,huyện,huyen_long_ho,86,[]
Huyện Mang Thít,858,huyện,huyen_mang_thit,86,[]
Huyện Vũng Liêm,859,huyện,huyen_vung_liem,86,[]
Huyện Tam Bình,860,huyện,huyen_tam_binh,86,[]
Thị xã Bình Minh,861,huyện,thi_xa_binh_minh,86,[]
Huyện Trà Ôn,862,huyện,huyen_tra_on,86,[]
Huyện Bình Tân,863,huyện,huyen_binh_tan,86,[]
Thành phố Cao Lãnh,866,huyện,thanh_pho_cao_lanh,87,[]
Thành phố Sa Đéc,867,huyện,thanh_pho_sa_dec,87,[]
Thành phố Hồng Ngự,868,huyện,thanh_pho_hong_ngu,87,[]
Huyện Tân Hồng,869,huyện,huyen_tan_hong,87,[]
Huyện Hồng Ngự,870,huyện,huyen_hong_ngu,87,[]
Huyện Tam Nông,871,huyện,huyen_tam_nong,87,[]
Huyện Tháp Mười,872,huyện,huyen_thap_muoi,87,[]
Huyện Cao Lãnh,873,huyện,huyen_cao_lanh,87,[]
Huyện Thanh Bình,874,huyện,huyen_thanh_binh,87,[]
Huyện Lấp Vò,875,huyện,huyen_lap_vo,87,[]
Huyện Lai Vung,876,huyện,huyen_lai_vung,87,[]
Huyện Châu Thành,877,huyện,huyen_chau_thanh,87,[]
Thành phố Long Xuyên,883,huyện,thanh_pho_long_xuyen,89,[]
Thành phố Châu Đốc,884,huyện,thanh_pho_chau_doc,89,[]
Huyện An Phú,886,huyện,huyen_an_phu,89,[]
Thị xã Tân Châu,887,huyện,thi_xa_tan_chau,89,[]
Huyện Phú Tân,888,huyện,huyen_phu_tan,89,[]
Huyện Châu Phú,889,huyện,huyen_chau_phu,89,[]
Thị xã Tịnh Biên,890,huyện,thi_xa_tinh_bien,89,[]
Huyện Tri Tôn,891,huyện,huyen_tri_ton,89,[]
Huyện Châu Thành,892,huyện,huyen_chau_thanh,89,[]
Huyện Chợ Mới,893,huyện,huyen_cho_moi,89,[]
Huyện Thoại Sơn,894,huyện,huyen_thoai_son,89,[]
Thành phố Rạch Giá,899,huyện,thanh_pho_rach_gia,91,[]
Thành phố Hà Tiên,900,huyện,thanh_pho_ha_tien,91,[]
Huyện Kiên Lương,902,huyện,huyen_kien_luong,91,[]
Huyện Hòn Đất,903,huyện,huyen_hon_dat,91,[]
Huyện Tân Hiệp,904,huyện,huyen_tan_hiep,91,[]
Huyện Châu Thành,905,huyện,huyen_chau_thanh,91,[]
Huyện Giồng Riềng,906,huyện,huyen_giong_rieng,91,[]
Huyện Gò Quao,907,huyện,huyen_go_quao,91,[]
Huyện An Biên,908,huyện,huyen_an_bien,91,[]
Huyện An Minh,909,huyện,huyen_an_minh,91,[]
Huyện Vĩnh Thuận,910,huyện,huyen_vinh_thuan,91,[]
Thành phố Phú Quốc,911,huyện,thanh_pho_phu_quoc,91,[]
Huyện Kiên Hải,912,huyện,huyen_kien_hai,91,[]
Huyện U Minh Thượng,913,huyện,huyen_u_minh_thuong,91,[]
Huyện Giang Thành,914,huyện,huyen_giang_thanh,91,[]
Quận Ninh Kiều,916,huyện,quan_ninh_kieu,92,[]
Quận Ô Môn,917,huyện,quan_o_mon,92,[]
Quận Bình Thuỷ,918,huyện,quan_binh_thuy,92,[]
Quận Cái Răng,919,huyện,quan_cai_rang,92,[]
Quận Thốt Nốt,923,huyện,quan_thot_not,92,[]
Huyện Vĩnh Thạnh,924,huyện,huyen_vinh_thanh,92,[]
Huyện Cờ Đỏ,925,huyện,huyen_co_do,92,[]
Huyện Phong Điền,926,huyện,huyen_phong_dien,92,[]
Huyện Thới Lai,927,huyện,huyen_thoi_lai,92,[]
Thành phố Vị Thanh,930,huyện,thanh_pho_vi_thanh,93,[]
Thành phố Ngã Bảy,931,huyện,thanh_pho_nga_bay,93,[]
Huyện Châu Thành A,932,huyện,huyen_chau_thanh_a,93,[]
Huyện Châu Thành,933,huyện,huyen_chau_thanh,93,[]
Huyện Phụng Hiệp,934,huyện,huyen_phung_hiep,93,[]
Huyện Vị Thuỷ,935,huyện,huyen_vi_thuy,93,[]
Huyện Long Mỹ,936,huyện,huyen_long_my,93,[]
Thị xã Long Mỹ,937,huyện,thi_xa_long_my,93,[]
Thành phố Sóc Trăng,941,huyện,thanh_pho_soc_trang,94,[]
Huyện Châu Thành,942,huyện,huyen_chau_thanh,94,[]
Huyện Kế Sách,943,huyện,huyen_ke_sach,94,[]
Huyện Mỹ Tú,944,huyện,huyen_my_tu,94,[]
Huyện Cù Lao Dung,945,huyện,huyen_cu_lao_dung,94,[]
Huyện Long Phú,946,huyện,huyen_long_phu,94,[]
Huyện Mỹ Xuyên,947,huyện,huyen_my_xuyen,94,[]
Thị xã Ngã Năm,948,huyện,thi_xa_nga_nam,94,[]
Huyện Thạnh Trị,949,huyện,huyen_thanh_tri,94,[]
Thị xã Vĩnh Châu,950,huyện,thi_xa_vinh_chau,94,[]
Huyện Trần Đề,951,huyện,huyen_tran_de,94,[]
Thành phố Bạc Liêu,954,huyện,thanh_pho_bac_lieu,95,[]
Huyện Hồng Dân,956,huyện,huyen_hong_dan,95,[]
Huyện Phước Long,957,huyện,huyen_phuoc_long,95,[]
Huyện Vĩnh Lợi,958,huyện,huyen_vinh_loi,95,[]
Thị xã Giá Rai,959,huyện,thi_xa_gia_rai,95,[]
Huyện Đông Hải,960,huyện,huyen_dong_hai,95,[]
Huyện Hoà Bình,961,huyện,huyen_hoa_binh,95,[]
Thành phố Cà Mau,964,huyện,thanh_pho_ca_mau,96,[]
Huyện U Minh,966,huyện,huyen_u_minh,96,[]
Huyện Thới Bình,967,huyện,huyen_thoi_binh,96,[]
Huyện Trần Văn Thời,968,huyện,huyen_tran_van_thoi,96,[]
Huyện Cái Nước,969,huyện,huyen_cai_nuoc,96,[]
Huyện Đầm Dơi,970,huyện,huyen_dam_doi,96,[]
Huyện Năm Căn,971,huyện,huyen_nam_can,96,[]
Huyện Phú Tân,972,huyện,huyen_phu_tan,96,[]
Huyện Ngọc Hiển,973,huyện,huyen_ngoc_hien,96,[]
